email,credit_card_type,account_type
rkauschke4@si.edu,jcb,3XL
tvarnam6@blog.com,jcb,3XL
gquartleya@t-online.de,switch,S
sheddend@is.gd,visa,L
rmatthensene@youtube.com,americanexpress,3XL
ublaikg@nhs.uk,jcb,M
hpostinj@list-manage.com,mastercard,S
smaxwellm@mlb.com,diners-club-carte-blanche,3XL
hniscos@facebook.com,jcb,S
tpeterkinw@accuweather.com,americanexpress,XL
jhonischy@furl.net,jcb,L
pibbsz@smh.com.au,jcb,M
hbrighty10@hugedomains.com,instapayment,XL
snitti11@huffingtonpost.com,switch,S
gscaplehorn12@fotki.com,jcb,M
ashawcross16@google.de,jcb,S
nshillaber17@ucsd.edu,jcb,2XL
lcastillou19@joomla.org,switch,XS
agirardini1c@360.cn,jcb,2XL
mdaingerfield1f@miibeian.gov.cn,jcb,2XL
mruckledge1p@rakuten.co.jp,china-unionpay,2XL
athreadgall1q@nsw.gov.au,visa-electron,XS
rbennion1w@youku.com,jcb,L
lbold1x@jiathis.com,diners-club-carte-blanche,L
sgavrielly22@cam.ac.uk,laser,2XL
tseverns23@wikimedia.org,jcb,2XL
aclaasen2c@twitter.com,maestro,2XL
ppenhaleurack2m@163.com,jcb,L
acambridge2q@godaddy.com,jcb,S
cbridal2u@cloudflare.com,laser,XL
dlarroway2v@weibo.com,mastercard,XS
swither2y@omniture.com,maestro,XL
bdresche30@facebook.com,jcb,S
eladloe33@reverbnation.com,jcb,XS
cmcaless36@ucsd.edu,visa-electron,XS
nconnue37@ustream.tv,china-unionpay,M
smacellar38@amazon.de,maestro,S
fherity3e@clickbank.net,china-unionpay,L
rmcquilliam3f@amazon.de,jcb,XS
dpantin3n@businesswire.com,diners-club-carte-blanche,M
jcesco3q@github.com,maestro,S
nmacgahy3t@google.ca,jcb,M
ajiggins3w@studiopress.com,visa-electron,S
cbrymham3x@usa.gov,diners-club-international,3XL
crosenbloom43@google.it,china-unionpay,XL
clack45@amazon.co.uk,switch,XL
mliddiard4a@unc.edu,mastercard,S
bhallahan4b@barnesandnoble.com,jcb,M
kmattei4f@free.fr,jcb,XL
rmadge4i@livejournal.com,jcb,XL
vcamamile4n@hugedomains.com,switch,S
rannakin4p@feedburner.com,diners-club-us-ca,S
ecisar4q@nasa.gov,jcb,3XL
bdymocke4w@businessweek.com,instapayment,L
sdobrovolski4y@noaa.gov,jcb,3XL
epiercy52@netlog.com,jcb,L
nsiuda53@4shared.com,laser,XL
bgoneau57@printfriendly.com,jcb,XS
ltrouncer58@cnbc.com,visa-electron,2XL
ksones5b@tuttocitta.it,jcb,L
pbrittlebank5q@cam.ac.uk,diners-club-enroute,2XL
aroome5t@deviantart.com,jcb,M
fbrandts5u@cam.ac.uk,mastercard,S
npearlman5v@hhs.gov,diners-club-enroute,XS
dclabburn60@blogtalkradio.com,visa,M
sjendrich62@arizona.edu,maestro,2XL
lgaynes65@scientificamerican.com,jcb,XS
sguinan66@webs.com,jcb,XS
cbranchett67@yelp.com,jcb,S
adeamaya68@virginia.edu,jcb,2XL
opelchat6a@feedburner.com,jcb,L
thinners6g@examiner.com,jcb,XS
rhousam6h@java.com,mastercard,2XL
bigo6n@mashable.com,jcb,L
kolczyk74@admin.ch,diners-club-carte-blanche,L
mclaeskens77@independent.co.uk,china-unionpay,L
ddyhouse7j@epa.gov,china-unionpay,2XL
hkempshall7m@wp.com,bankcard,S
cwaghorn7p@hhs.gov,visa,L
jmeriot7q@tripadvisor.com,jcb,XS
tpittet7r@vistaprint.com,jcb,XL
vrobyns7t@soup.io,visa,3XL
ptebald7u@123-reg.co.uk,maestro,M
cleile7y@ustream.tv,jcb,3XL
gguislin86@purevolume.com,jcb,XL
